,每日美元即期匯率 - 銀行與顧客間交易匯率 - 買進 - 第一商業銀行 (新台幣元),每日美元即期匯率 - 銀行與顧客間交易匯率 - 賣出 - 第一商業銀行 (新台幣元),美元兌新台幣遠期匯率 - 10 天 - 買入匯率 (新台幣元),美元兌新台幣遠期匯率 - 10 天 - 賣出匯率 (新台幣元),美元兌新台幣遠期匯率 - 120 天 - 買入匯率 (新台幣元),美元兌新台幣遠期匯率 - 120 天 - 賣出匯率 (新台幣元),美元兌新台幣遠期匯率 - 180 天 - 買入匯率 (新台幣元),美元兌新台幣遠期匯率 - 180 天 - 賣出匯率 (新台幣元),美元兌新台幣遠期匯率 - 30 天 - 買入匯率 (新台幣元),美元兌新台幣遠期匯率 - 30 天 - 賣出匯率 (新台幣元),美元兌新台幣遠期匯率 - 60 天 - 買入匯率 (新台幣元),美元兌新台幣遠期匯率 - 60 天 - 賣出匯率 (新台幣元),美元兌新台幣遠期匯率 - 90 天 - 買入匯率 (新台幣元),美元兌新台幣遠期匯率 - 90 天 - 賣出匯率 (新台幣元)
DATE,NTD,NTD,NTD,NTD,NTD,NTD,NTD,NTD,NTD,NTD,NTD,NTD,NTD,NTD
199111,NA,NA,25.71,25.82,25.86,26.04,25.95,26.14,25.75,25.88,25.78,25.93,25.84,25.99
199112,25.7,25.8,25.71,25.81,25.82,25.97,25.9,26.1,25.72,25.84,25.76,25.89,25.79,25.94
199201,24.95,25.05,24.96,25.08,25.08,25.3,25.14,25.38,24.99,25.13,25.02,25.2,25.05,25.24
199202,25.09,25.19,25.1,25.22,25.21,25.4,25.27,25.48,25.12,25.26,25.15,25.32,25.18,25.37
199203,25.48,25.58,25.48,25.6,25.58,25.78,25.65,25.86,25.49,25.63,25.53,25.7,25.55,25.73
199204,25.18,25.28,25.19,25.32,25.35,25.55,25.43,25.68,25.23,25.38,25.27,25.43,25.31,25.48
199205,24.84,24.94,24.84,24.94,24.97,25.23,25,25.3,24.89,25.06,24.9,25.12,24.92,25.16
199206,24.6,24.7,24.58,24.68,24.65,24.99,24.7,25.08,24.57,24.8,24.59,24.83,24.62,24.91
199207,24.89,24.99,24.89,25.03,24.86,25.23,24.87,25.31,24.81,25.09,24.82,25.13,24.84,25.19
199208,25.03,25.13,24.95,25.18,25.02,25.38,25.05,25.52,24.96,25.2,24.98,25.28,25,25.33
199209,25.14,25.24,25.11,25.3,25.18,25.65,25.23,25.77,25.13,25.34,25.14,25.46,25.16,25.56
199210,25.32,25.42,25.31,25.42,25.42,25.78,25.48,25.88,25.35,25.49,25.38,25.57,25.4,25.67
199211,25.4,25.5,25.39,25.52,25.55,25.82,25.63,25.93,25.42,25.58,25.47,25.64,25.51,25.72
199212,25.37,25.47,25.36,25.51,25.54,25.83,25.62,26,25.41,25.58,25.46,25.66,25.5,25.75
199301,25.44,25.54,25.45,25.62,25.65,26.01,25.73,26.22,25.46,25.66,25.57,25.78,25.61,25.88
199302,25.69,25.79,25.69,25.9,25.87,26.2,25.98,26.4,25.79,25.91,25.82,26.04,25.84,26.08
199303,26.1,26.2,26.11,26.3,26.37,26.6,26.5,26.8,26.18,26.31,26.26,26.45,26.32,26.51
199304,25.8,25.9,25.8,26.03,26.08,26.34,26.15,26.56,25.85,26.03,25.92,26.15,26.02,26.35
199305,26,26.1,26,26.23,26.29,26.53,26.36,26.69,26.08,26.23,26.16,26.31,26.24,26.41
199306,26.35,26.45,26.36,26.53,26.62,26.77,26.76,26.9,26.42,26.53,26.49,26.6,26.56,26.68
199307,26.89,26.99,26.89,27.07,27.07,27.3,27.22,27.46,26.92,27.08,26.98,27.13,27.03,27.23
199308,26.89,26.99,26.89,27.08,27.11,27.29,27.22,27.45,26.92,27.07,26.98,27.12,27.05,27.22
199309,26.89,26.99,26.89,27.08,27.12,27.28,27.22,27.44,26.93,27.08,26.97,27.12,27.04,27.22
199310,26.81,26.91,26.81,26.98,27.04,27.19,27.14,27.35,26.85,26.98,26.88,27.04,26.96,27.14
199311,26.88,26.98,26.88,27.05,27.11,27.26,27.21,27.42,26.94,27.05,26.96,27.11,27.03,27.21
199312,26.62,26.72,26.62,26.79,26.85,26.99,26.95,27.16,26.67,26.81,26.69,26.86,26.77,26.95
199401,26.39,26.49,26.38,26.58,26.76,26.96,26.92,27.12,26.45,26.65,26.56,26.76,26.66,26.86
199402,26.41,26.51,26.35,26.6,26.7,26.9,26.84,27.14,26.47,26.67,26.55,26.75,26.66,26.86
199403,26.31,26.41,26.33,26.43,26.47,26.67,26.59,26.79,26.34,26.54,26.38,26.58,26.42,26.62
199404,26.35,26.45,26.36,26.46,26.51,26.71,26.64,26.84,26.37,26.57,26.42,26.62,26.46,26.66
199405,27.03,27.13,27.03,27.15,27.07,26.27,27.1,27.3,27.04,27.24,27.05,27.25,27.06,27.26
199406,26.76,26.86,26.76,26.88,26.8,27,26.83,27.03,26.77,26.97,26.78,26.98,26.79,26.99
199407,26.52,26.62,26.52,26.64,26.56,26.76,26.59,26.79,26.53,26.73,26.54,26.74,26.55,26.75
199408,26.1,26.2,26.13,26.33,26.22,26.44,26.24,26.53,26.14,26.35,26.17,26.4,26.19,26.42
199409,26.11,26.21,26.13,26.33,26.32,26.52,26.42,26.62,26.14,26.34,26.2,26.4,26.24,26.44
199410,25.99,26.09,26,26.2,26.14,26.34,26.2,26.4,26.01,26.21,26.05,26.25,26.1,26.3
199411,26.2,26.3,26.16,26.36,26.27,26.47,26.32,26.52,26.17,26.37,26.19,26.39,26.25,26.45
199412,26.16,26.26,26.12,26.32,26.14,26.34,26.13,26.33,26.13,26.33,26.15,26.35,26.16,26.36
199501,26.25,26.35,26.23,26.43,26.24,26.44,26.23,26.43,26.24,26.44,26.25,26.45,26.25,26.45
199502,26.27,26.37,26.25,26.4,26.24,26.44,26.25,26.45,26.26,26.46,26.24,26.44,26.25,26.45
199503,25.94,26.04,25.92,26.07,25.95,26.15,25.96,26.16,25.93,26.13,25.94,26.14,25.95,26.15
199504,25.36,25.46,25.34,25.48,25.37,25.57,25.38,25.58,25.35,25.55,25.36,25.56,25.37,25.57
199505,25.54,25.64,25.52,25.66,25.55,25.75,25.65,25.76,25.53,25.73,25.54,25.74,25.55,25.75
199506,25.75,25.85,25.67,25.87,25.69,25.89,25.68,25.88,25.72,25.92,25.71,25.91,25.7,25.9
199507,26.42,26.52,26.34,26.54,26.36,26.56,26.36,26.56,26.39,26.59,26.38,26.58,26.37,26.57
199508,27.45,27.55,27.37,27.57,27.44,27.69,27.44,27.75,27.41,27.61,27.43,27.63,27.46,27.66
199509,26.95,27.05,26.96,27.2,27.03,27.3,27.05,27.4,26.98,27.18,27,27.2,27.01,27.25
199510,26.91,27.01,26.89,27.09,26.93,27.13,26.94,27.14,26.9,27.1,26.91,27.11,26.92,27.12
199511,27.26,27.36,27.24,27.44,27.28,27.48,27.29,27.49,27.25,27.45,27.26,27.46,27.27,27.47
199512,27.22,27.32,27.22,27.42,27.26,27.46,27.27,27.47,27.23,27.43,27.24,27.44,27.25,27.45
199601,27.42,27.52,27.4,27.56,27.45,27.69,27.47,27.73,27.41,27.59,27.42,27.62,27.43,27.65
199602,27.45,27.55,27.43,27.57,27.48,27.7,27.5,27.74,27.44,27.6,27.45,27.63,27.46,27.64
199603,27.19,27.29,27.2,27.3,27.24,27.36,27.25,27.38,27.21,27.33,27.22,27.34,27.23,27.35
199604,27.11,27.21,27.12,27.22,27.16,27.28,27.18,27.3,27.13,27.24,27.14,27.25,27.15,27.26
199605,27.62,27.72,27.61,27.72,27.64,27.77,27.65,27.79,27.61,27.73,27.62,27.74,27.63,27.76
199606,27.46,27.56,27.45,27.55,27.45,27.56,27.45,27.57,27.44,27.55,27.44,27.55,27.43,27.55
199607,27.46,27.56,27.49,27.58,27.44,27.57,27.44,27.56,27.48,27.58,27.46,27.57,27.44,27.56
199608,27.42,27.52,27.42,27.51,27.41,27.52,27.41,27.54,27.42,27.52,27.41,27.52,27.41,27.52
199609,27.44,27.54,27.44,27.53,27.43,27.54,27.43,27.56,27.44,27.54,27.43,27.54,27.43,27.54
199610,27.5,27.6,27.51,27.6,27.5,27.61,27.5,27.63,27.51,27.61,27.5,27.61,27.5,27.61
199611,27.43,27.53,27.43,27.54,27.43,27.55,27.43,27.55,27.43,27.53,27.42,27.53,27.43,27.55
199612,27.44,27.54,27.43,27.54,27.42,27.54,27.42,27.55,27.42,27.54,27.42,27.54,27.42,27.54
199701,27.38,27.48,27.4,27.52,27.39,27.51,27.39,27.51,27.4,27.52,27.4,27.51,27.39,27.51
199702,27.45,27.55,27.46,27.62,27.48,27.64,27.48,27.64,27.46,27.62,27.46,27.63,27.48,27.63
199703,27.5,27.6,27.51,27.61,27.54,27.65,27.55,27.68,27.52,27.62,27.53,27.63,27.53,27.65
199704,27.61,27.71,27.62,27.72,27.65,27.77,27.67,27.79,27.63,27.73,27.64,27.75,27.65,27.76
199705,27.8,27.9,27.81,27.91,27.79,27.91,27.78,27.91,27.81,27.91,27.8,27.91,27.8,27.91
199706,27.76,27.86,27.78,27.89,27.82,27.96,27.82,27.96,27.81,27.94,27.81,27.95,27.81,27.95
199707,28.56,28.66,28.58,28.68,28.69,28.84,28.73,28.9,28.6,28.71,28.63,28.75,28.67,28.8
199708,28.6,28.7,28.62,28.73,28.8,28.96,28.85,29.07,28.67,28.79,28.7,28.85,28.75,28.91
199709,28.55,28.65,28.56,28.67,28.7,28.88,28.79,28.99,28.59,28.72,28.63,28.77,28.68,28.82
199710,30.9,31,30.81,31.12,31,31.43,31.12,31.55,30.83,31.15,30.88,31.23,30.95,31.32
199711,32.01,32.11,31.97,32.19,32.24,32.56,32.36,32.65,32.01,32.25,32.08,32.33,32.2,32.51
199712,32.52,32.62,32.46,32.7,32.65,33,32.75,33.14,32.48,32.73,32.55,32.89,32.6,32.94
199801,33.87,33.97,33.82,34.08,34.05,34.39,34.2,34.59,33.87,34.16,33.94,34.24,34,34.34
199802,31.85,31.95,31.79,32.04,31.94,32.26,32.03,32.37,31.82,32.07,31.85,32.13,31.89,32.2
199803,32.82,32.92,32.69,32.94,32.8,33.12,32.88,33.22,32.71,32.97,32.75,33.03,32.77,33.07
199804,32.91,33.01,32.89,33.05,32.99,33.21,33.06,33.28,32.91,33.08,32.94,33.13,32.97,33.17
199805,33.91,34.01,33.9,34.03,34.03,34.19,34.1,34.28,33.93,34.06,33.97,34.1,34,34.15
199806,34.34,34.44,34.34,34.46,34.48,34.64,34.56,34.73,34.36,34.5,34.4,34.55,34.43,34.59
199807,34.31,34.41,34.32,34.43,34.44,34.59,34.52,34.68,34.35,34.46,34.39,34.5,34.41,34.54
199808,34.79,34.89,34.8,34.91,34.91,35.05,34.97,35.15,34.82,34.93,34.85,34.96,34.88,35.01
199809,34.37,34.47,34.37,34.48,34.49,34.63,34.55,34.72,34.39,34.51,34.42,34.54,34.45,34.59
199810,32.35,32.45,32.34,32.46,32.37,32.52,32.39,32.58,32.36,32.47,32.36,32.48,32.37,32.5
199811,32.38,32.48,32.38,32.5,32.37,32.53,32.38,32.55,32.37,32.5,32.36,32.5,32.37,32.52
199812,32.16,32.26,32.13,32.25,32.13,32.29,32.13,32.31,32.13,32.26,32.14,32.28,32.13,32.28
199901,32.25,32.35,32.27,32.37,32.29,32.36,32.3,32.38,32.29,32.35,32.29,32.35,32.29,32.35
199902,33.01,33.11,33,33.13,32.99,33.12,32.98,33.12,33.01,33.11,33,33.11,33,33.11
199903,33.1,33.2,33.08,33.22,33.06,33.22,33.05,33.23,33.07,33.22,33.06,33.23,33.06,33.22
199904,32.64,32.74,32.61,32.76,32.6,32.76,32.59,32.77,32.6,32.76,32.59,32.77,32.6,32.76
199905,32.68,32.78,32.67,32.8,32.64,32.82,32.63,32.82,32.65,32.81,32.64,32.81,32.64,32.81
199906,32.24,32.34,32.21,32.35,32.15,32.32,32.13,32.32,32.19,32.35,32.17,32.35,32.16,32.33
199907,32.1,32.2,32.08,32.22,32.04,32.22,32.01,32.21,32.07,32.23,32.06,32.24,32.05,32.23
199908,31.79,31.89,31.77,31.9,31.7,31.86,31.65,31.83,31.75,31.9,31.73,31.89,31.72,31.88
199909,31.73,31.83,31.71,31.84,31.62,31.79,31.56,31.75,31.69,31.84,31.67,31.83,31.65,31.81
199910,31.68,31.78,31.7,31.82,31.52,31.7,31.48,31.67,31.64,31.79,31.55,31.73,31.53,31.74
199911,31.62,31.72,31.55,31.7,31.47,31.65,31.42,31.63,31.53,31.7,31.5,31.7,31.49,31.66
199912,31.34,31.44,31.32,31.6,31.26,31.44,31.2,31.39,31.36,31.52,31.32,31.52,31.3,31.46
200001,30.64,30.74,30.6,30.76,30.44,30.63,30.38,30.57,30.58,30.74,30.54,30.7,30.48,30.67
200002,30.7,30.8,30.68,30.79,30.52,30.7,30.44,30.62,30.64,30.78,30.6,30.76,30.56,30.73
200003,30.45,30.55,30.44,30.56,30.27,30.45,30.19,30.38,30.4,30.55,30.36,30.52,30.32,30.49
200004,30.59,30.69,30.56,30.68,30.35,30.54,30.24,30.47,30.51,30.66,30.47,30.63,30.41,30.58
200005,30.75,30.85,30.71,30.84,30.49,30.69,30.39,30.62,30.66,30.82,30.6,30.78,30.55,30.73
200006,30.75,30.85,30.73,30.83,30.49,30.69,30.37,30.62,30.67,30.82,30.61,30.78,30.56,30.73
200007,31.02,31.12,30.99,31.11,30.77,30.96,30.66,30.88,30.94,31.09,30.88,31.05,30.83,30.99
200008,31.02,31.12,31,31.11,30.78,30.97,30.67,30.9,30.94,31.09,30.89,31.06,30.84,31.01
200009,31.27,31.37,31.25,31.36,31.06,31.23,30.98,31.17,31.2,31.35,31.14,31.32,31.1,31.27
200010,32.29,32.39,32.29,32.43,32.17,32.36,32.11,32.33,32.27,32.42,32.22,32.41,32.2,32.38
200011,33.08,33.18,32.96,33.14,32.87,33.09,32.82,33.04,32.95,33.14,32.94,33.14,32.91,33.12
200012,32.96,33.06,33,33.14,32.92,33.11,32.88,33.07,32.98,33.15,32.96,33.15,32.94,33.13
200101,32.31,32.41,32.27,32.43,32.21,32.4,32.19,32.39,32.26,32.42,32.24,32.41,32.22,32.4
200102,32.3,32.4,32.26,32.42,32.21,32.39,32.2,32.37,32.26,32.42,32.24,32.41,32.23,32.4
200103,32.78,32.88,32.72,32.89,32.67,32.85,32.66,32.84,32.72,32.88,32.7,32.87,32.69,32.86
200104,32.85,32.95,32.82,32.96,32.82,32.96,32.82,32.97,32.82,32.96,32.82,32.96,32.82,32.96
200105,33.9,34,33.88,34.02,33.88,34.01,33.87,34.01,33.88,34.01,33.88,34.01,33.89,34.01
200106,34.38,34.48,34.37,34.52,34.35,34.51,34.35,34.51,34.36,34.52,34.36,34.52,34.36,34.52
200107,34.69,34.79,34.66,34.81,34.63,34.8,34.61,34.78,34.66,34.81,34.65,34.81,34.65,34.8
200108,34.49,34.59,34.47,34.59,34.43,34.59,34.41,34.59,34.46,34.59,34.45,34.59,34.45,34.59
200109,34.48,34.58,34.47,34.6,34.45,34.62,34.44,34.64,34.47,34.61,34.46,34.61,34.46,34.62
200110,34.48,34.58,34.47,34.6,34.47,34.62,34.44,34.64,34.47,34.61,34.47,34.61,34.48,34.62
200111,34.41,34.51,34.41,34.54,34.41,34.58,34.41,34.6,34.4,34.54,34.41,34.55,34.41,34.56
200112,34.94,35.04,34.94,35.07,34.97,35.14,34.98,35.17,34.94,35.08,34.95,35.1,34.96,35.12
200201,34.91,35.01,34.9,35.04,34.93,35.11,34.93,35.14,34.9,35.05,34.91,35.07,34.93,35.09
200202,35.07,35.17,35.07,35.19,35.09,35.25,35.09,35.28,35.07,35.21,35.08,35.23,35.09,35.24
200203,34.95,35.05,34.95,35.08,34.95,35.1,34.93,35.09,34.95,35.09,34.95,35.1,34.95,35.1
200204,34.67,34.77,34.66,34.79,34.66,34.84,34.67,34.82,34.66,34.8,34.66,34.81,34.66,34.81
200205,34.09,34.19,34.08,34.22,34.06,34.23,34.04,34.22,34.07,34.23,34.07,34.23,34.07,34.23
200206,33.5,33.6,33.47,33.61,33.37,33.61,33.33,33.58,33.45,33.61,33.41,33.61,33.39,33.61
200207,33.73,33.83,33.71,33.86,33.69,33.86,33.64,33.86,33.71,33.87,33.71,33.88,33.71,33.88
200208,34.19,34.29,34.18,34.32,34.17,34.33,34.14,34.32,34.18,34.33,34.18,34.33,34.18,34.33
200209,34.89,34.99,34.88,35.02,34.87,35.02,34.86,35.03,34.88,35.02,34.87,35.02,34.87,35.02
200210,34.72,34.82,34.71,34.85,34.68,34.84,34.67,34.84,34.7,34.85,34.69,34.85,34.69,34.84
200211,34.77,34.87,34.76,34.9,34.73,34.89,34.72,34.88,34.75,34.9,34.74,34.9,34.74,34.89
200212,34.71,34.81,34.69,34.83,34.64,34.8,34.61,34.79,34.68,34.82,34.67,34.82,34.66,34.81
200301,34.65,34.75,34.62,34.77,34.56,34.72,34.53,34.7,34.61,34.76,34.59,34.75,34.57,34.74
200302,34.7,34.8,34.69,34.82,34.64,34.79,34.61,34.77,34.68,34.82,34.67,34.82,34.65,34.8
200303,34.7,34.8,34.68,34.82,34.63,34.79,34.61,34.77,34.67,34.82,34.66,34.81,34.64,34.79
200304,34.79,34.89,34.77,34.91,34.68,34.84,34.62,34.8,34.75,34.9,34.72,34.88,34.7,34.86
200305,34.66,34.76,34.64,34.79,34.55,34.71,34.5,34.67,34.63,34.78,34.6,34.76,34.58,34.74
200306,34.56,34.66,34.54,34.69,34.46,34.62,34.42,34.58,34.52,34.67,34.5,34.65,34.48,34.63
200307,34.36,34.46,34.33,34.49,34.24,34.41,34.19,34.36,34.32,34.47,34.29,34.45,34.27,34.43
200308,34.11,34.21,34.14,34.28,34.07,34.23,34.03,34.19,34.13,34.27,34.12,34.26,34.1,34.25
200309,33.71,33.81,33.69,33.83,33.57,33.74,33.5,33.68,33.67,33.81,33.63,33.79,33.6,33.77
200310,33.91,34.01,33.89,34.03,33.82,33.98,33.77,33.92,33.89,34.03,33.88,34.02,33.85,34.01
200311,34.14,34.24,34.13,34.27,34.07,34.23,34.03,34.19,34.12,34.27,34.11,34.27,34.09,34.25
200312,33.92,34.02,33.91,34.04,33.84,34,33.8,33.96,33.9,34.04,33.88,34.03,33.87,34.01
200401,33.33,33.43,33.32,33.46,33.26,33.42,33.21,33.38,33.31,33.46,33.3,33.44,33.29,33.44
200402,33.31,33.41,33.29,33.42,33.22,33.38,33.18,33.33,33.27,33.42,33.26,33.41,33.24,33.4
200403,32.96,33.06,32.94,33.07,32.86,33.01,32.8,32.96,32.92,33.06,32.89,33.04,32.86,33.02
200404,33.31,33.41,33.3,33.42,33.16,33.32,33.09,33.25,33.27,33.4,33.23,33.37,33.2,33.35
200405,33.34,33.44,33.32,33.44,33.2,33.36,33.14,33.29,33.3,33.43,33.27,33.41,33.24,33.38
200406,33.72,33.82,33.7,33.83,33.56,33.74,33.5,33.64,33.68,33.82,33.65,33.79,33.61,33.75
200407,34.14,34.24,34.07,34.19,33.95,34.12,33.87,34.02,34.05,34.18,34.02,34.16,33.99,34.13
200408,34,34.1,33.99,34.11,33.89,34.04,33.83,33.96,33.97,34.1,33.95,34.08,33.92,34.06
200409,33.93,34.03,33.92,34.03,33.79,33.95,33.75,33.88,33.9,34.02,33.87,33.99,33.84,33.96
200410,33.37,33.47,33.35,33.48,33.24,33.38,33.16,33.31,33.33,33.47,33.3,33.44,33.27,33.41
200411,32.14,32.24,32.11,32.25,31.95,32.11,31.87,32.02,32.08,32.23,32.05,32.19,32.01,32.15
200412,31.68,31.78,31.58,31.96,31.4,31.79,31.28,31.68,31.55,31.93,31.51,31.89,31.45,31.83
200501,31.72,31.82,31.68,31.83,31.5,31.66,31.39,31.56,31.65,31.81,31.6,31.76,31.55,31.71
200502,31.13,31.23,31.09,31.22,30.91,31.05,30.8,30.93,31.06,31.19,31.01,31.14,30.96,31.09
200503,31.47,31.57,31.43,31.57,31.21,31.37,31.08,31.23,31.4,31.54,31.34,31.48,31.28,31.42
200504,31.21,31.31,31.19,31.32,30.97,31.11,30.84,30.98,31.15,31.28,31.1,31.23,31.04,31.17
200505,31.3,31.4,31.28,31.4,31.06,31.19,30.93,31.06,31.24,31.37,31.19,31.32,31.13,31.26
200506,31.57,31.67,31.54,31.66,31.3,31.43,31.17,31.29,31.49,31.62,31.43,31.56,31.37,31.49
200507,31.88,32.01,31.84,32.04,31.58,31.78,31.42,31.62,31.79,32,31.73,31.93,31.66,31.86
200508,32.7,32.8,32.67,32.79,32.39,32.52,32.25,32.37,32.62,32.74,32.55,32.67,32.47,32.6
200509,33.14,33.24,33.1,33.22,32.81,32.93,32.66,32.78,33.05,33.18,32.97,33.1,32.9,33.02
200510,33.5,33.6,33.47,33.58,33.16,33.28,32.98,33.11,33.41,33.53,33.32,33.45,33.23,33.35
200511,33.46,33.56,33.42,33.55,33.1,33.23,32.93,33.05,33.36,33.49,33.27,33.4,33.2,33.32
200512,32.78,32.88,32.71,32.88,32.4,32.57,32.2,32.37,32.65,32.82,32.57,32.74,32.48,32.65
200601,31.93,32.03,31.89,32.02,31.57,31.7,31.38,31.51,31.84,31.97,31.75,31.88,31.65,31.78
200602,32.4,32.5,32.37,32.49,32.03,32.15,31.82,31.95,32.31,32.43,32.22,32.35,32.12,32.25
200603,32.41,32.51,32.37,32.49,32.02,32.14,31.82,31.94,32.31,32.43,32.2,32.33,32.11,32.23
200604,31.86,31.96,31.82,31.94,31.46,31.58,31.28,31.4,31.74,31.87,31.66,31.78,31.56,31.69
200605,31.97,32.07,31.92,32.04,31.56,31.69,31.36,31.48,31.86,31.98,31.76,31.88,31.65,31.77
200606,32.31,32.41,32.26,32.39,31.86,32,31.65,31.79,32.18,32.32,32.08,32.22,31.97,32.11
200607,32.71,32.81,32.66,32.77,32.26,32.38,32.06,32.18,32.57,32.7,32.48,32.6,32.37,32.49
200608,32.86,32.96,32.81,32.93,32.43,32.55,32.24,32.36,32.74,32.87,32.63,32.76,32.53,32.66
200609,33.05,33.15,33.01,33.12,32.62,32.75,32.44,32.56,32.93,33.06,32.83,32.95,32.73,32.85
200610,33.21,33.31,33.17,33.29,32.8,32.93,32.61,32.73,33.09,33.22,33,33.12,32.89,33.02
200611,32.37,32.47,32.32,32.46,31.96,32.1,31.78,31.92,32.25,32.39,32.15,32.29,32.06,32.2
200612,32.55,32.65,32.49,32.62,32.14,32.28,31.95,32.08,32.42,32.55,32.33,32.46,32.23,32.36
200701,32.9,33,32.83,32.99,32.47,32.62,32.27,32.44,32.77,32.93,32.67,32.83,32.57,32.74
200702,32.9,33,32.84,32.99,32.49,32.63,32.28,32.43,32.77,32.93,32.67,32.83,32.56,32.72
200703,33.04,33.14,32.99,33.14,32.62,32.79,32.44,32.6,32.92,33.08,32.81,32.98,32.72,32.88
200704,33.23,33.33,33.17,33.36,32.81,33.01,32.62,32.82,33.1,33.3,33.01,33.21,32.91,33.11
200705,32.97,33.07,32.92,33.09,32.62,32.81,32.43,32.64,32.87,33.05,32.77,32.96,32.69,32.88
200706,32.69,32.79,32.63,32.79,32.29,32.46,32.13,32.3,32.57,32.73,32.47,32.63,32.39,32.55
200707,32.76,32.86,32.7,32.85,32.37,32.53,32.2,32.37,32.63,32.79,32.54,32.71,32.45,32.62
200708,32.95,33.05,32.89,33.04,32.51,32.67,32.35,32.51,32.82,32.98,32.71,32.87,32.61,32.77
200709,32.54,32.64,32.48,32.63,32.15,32.31,32,32.17,32.42,32.58,32.33,32.49,32.24,32.4
200710,32.36,32.46,32.3,32.46,32.01,32.19,31.88,32.05,32.24,32.41,32.16,32.33,32.08,32.25
200711,32.22,32.32,32.16,32.31,31.81,31.97,31.66,31.84,32.08,32.24,31.98,32.15,31.89,32.06
200712,32.39,32.49,32.33,32.49,32.03,32.21,31.89,32.09,32.27,32.44,32.19,32.36,32.11,32.29
200801,32.15,32.25,32.07,32.26,31.93,32.14,31.87,32.07,32.04,32.24,32,32.2,31.97,32.17
200802,30.9,31,30.84,31.01,30.72,30.91,30.66,30.85,30.81,31,30.78,30.97,30.76,30.94
200803,30.36,30.46,30.29,30.47,30.19,30.38,30.15,30.34,30.27,30.46,30.24,30.43,30.21,30.41
200804,30.4,30.5,30.37,30.51,30.26,30.42,30.19,30.35,30.34,30.5,30.31,30.47,30.28,30.44
200805,30.36,30.46,30.32,30.48,30.23,30.41,30.17,30.35,30.3,30.47,30.28,30.45,30.25,30.43
200806,30.3,30.4,30.27,30.41,30.15,30.3,30.06,30.23,30.24,30.4,30.21,30.37,30.18,30.34
200807,30.54,30.64,30.51,30.7,30.37,30.57,30.26,30.47,30.49,30.68,30.45,30.65,30.42,30.61
200808,31.47,31.57,31.45,31.62,31.3,31.49,31.19,31.38,31.42,31.61,31.39,31.58,31.35,31.54
200809,32.08,32.18,32.01,32.25,31.42,31.79,31.12,31.73,31.88,32.17,31.72,32.05,31.57,31.94
200810,32.95,33.05,32.88,33.07,32.62,32.85,32.47,32.75,32.82,33.06,32.75,33.01,32.7,32.94
200811,33.25,33.35,33.2,33.36,32.88,33.12,32.7,32.98,33.13,33.35,33.06,33.29,32.98,33.19
200812,32.81,32.91,32.7,32.93,32.52,32.82,32.4,32.74,32.69,32.93,32.63,32.92,32.59,32.87
200901,33.75,33.85,33.5,33.87,33.35,33.8,33.23,33.71,33.48,33.87,33.45,33.86,33.4,33.83
200902,34.9,35,34.84,35.02,34.67,34.91,34.52,34.79,34.83,35.02,34.79,35,34.73,34.96
200903,33.87,33.97,33.83,33.99,33.65,33.86,33.52,33.77,33.81,33.98,33.76,33.96,33.71,33.92
200904,33.18,33.28,32.99,33.3,32.84,33.21,32.72,33.13,32.97,33.3,32.93,33.28,32.89,33.26
200905,32.6,32.7,32.55,32.72,32.42,32.66,32.31,32.58,32.54,32.72,32.5,32.71,32.46,32.69
200906,32.77,32.87,32.73,32.89,32.62,32.84,32.51,32.77,32.72,32.88,32.7,32.88,32.65,32.87
200907,32.77,32.87,32.73,32.89,32.64,32.86,32.56,32.81,32.72,32.88,32.7,32.88,32.67,32.87
200908,32.87,32.97,32.84,32.99,32.76,32.97,32.69,32.94,32.83,32.99,32.82,32.99,32.8,32.98
200909,32.15,32.25,32.06,32.27,32,32.26,31.93,32.25,32.05,32.27,32.04,32.27,32.02,32.26
200910,32.49,32.59,32.44,32.61,32.38,32.59,32.31,32.57,32.43,32.6,32.42,32.6,32.4,32.6
200911,32.14,32.24,32.1,32.24,32.05,32.23,32,32.21,32.09,32.24,32.08,32.23,32.07,32.23
200912,31.98,32.08,31.89,32.09,31.84,32.06,31.79,32.05,31.88,32.08,31.87,32.08,31.86,32.07
201001,31.94,32.04,31.92,32.05,31.88,32.03,31.84,32.02,31.91,32.05,31.91,32.04,31.9,32.04
201002,32.04,32.14,32.01,32.14,31.96,32.12,31.92,32.11,32,32.14,31.99,32.13,31.98,32.13
201003,31.77,31.87,31.75,31.87,31.72,31.86,31.68,31.84,31.74,31.87,31.74,31.87,31.73,31.86
201004,31.37,31.47,31.35,31.48,31.31,31.46,31.27,31.45,31.34,31.48,31.33,31.47,31.32,31.47
201005,32.18,32.28,32.15,32.29,31.99,32.21,31.92,32.11,32.13,32.28,32.1,32.26,32.07,32.24
201006,32.22,32.32,32.21,32.33,32.11,32.28,32.03,32.21,32.2,32.33,32.17,32.31,32.15,32.29
201007,32,32.1,31.98,32.11,31.91,32.08,31.85,32.04,31.97,32.11,31.95,32.1,31.93,32.09
201008,32.05,32.15,32.03,32.16,31.94,32.11,31.87,32.07,32.01,32.15,31.99,32.14,31.97,32.12
201009,31.28,31.38,31.26,31.39,31.18,31.35,31.12,31.32,31.25,31.39,31.23,31.38,31.21,31.36
201010,30.73,30.83,30.71,30.85,30.63,30.8,30.57,30.77,30.7,30.84,30.68,30.83,30.65,30.81
201011,30.8,30.9,30.78,30.91,30.65,30.84,30.57,30.77,30.76,30.9,30.72,30.88,30.7,30.86
201012,30.32,30.42,30.29,30.43,30.19,30.37,30.12,30.33,30.27,30.42,30.25,30.41,30.22,30.39
201101,28.99,29.09,28.97,29.1,28.87,29.04,28.8,29,28.95,29.1,28.93,29.08,28.9,29.06
201102,29.7,29.8,29.68,29.81,29.57,29.75,29.51,29.7,29.66,29.8,29.63,29.79,29.61,29.77
201103,29.35,29.45,29.33,29.46,29.23,29.4,29.15,29.35,29.31,29.45,29.28,29.44,29.26,29.42
201104,28.56,28.66,28.54,28.68,28.46,28.64,28.4,28.59,28.53,28.68,28.51,28.67,28.49,28.66
201105,28.61,28.71,28.59,28.73,28.52,28.7,28.45,28.65,28.59,28.72,28.57,28.72,28.55,28.71
201106,28.66,28.76,28.64,28.77,28.57,28.74,28.5,28.69,28.63,28.77,28.62,28.76,28.6,28.76
201107,28.77,28.87,28.75,28.89,28.69,28.86,28.62,28.81,28.75,28.88,28.73,28.88,28.71,28.87
201108,28.96,29.06,28.94,29.07,28.85,29.02,28.78,28.97,28.93,29.07,28.91,29.06,28.88,29.04
201109,30.42,30.52,30.4,30.53,30.27,30.44,30.18,30.38,30.38,30.52,30.35,30.5,30.31,30.47
201110,29.86,29.96,29.84,29.98,29.72,29.91,29.65,29.85,29.83,29.97,29.79,29.95,29.76,29.92
201111,30.27,30.37,30.25,30.38,30.13,30.3,30.05,30.24,30.23,30.37,30.2,30.35,30.17,30.33
201112,30.22,30.32,30.21,30.33,30.1,30.27,30.05,30.23,30.19,30.32,30.17,30.31,30.14,30.29
201201,29.54,29.64,29.53,29.65,29.44,29.61,29.38,29.57,29.52,29.65,29.49,29.64,29.47,29.62
201202,29.33,29.43,29.31,29.44,29.24,29.41,29.18,29.37,29.3,29.44,29.28,29.43,29.26,29.42
201203,29.45,29.55,29.43,29.57,29.38,29.55,29.32,29.52,29.43,29.57,29.42,29.57,29.4,29.56
201204,29.09,29.19,29.07,29.21,29.03,29.19,28.98,29.17,29.07,29.21,29.06,29.2,29.05,29.2
201205,29.79,29.89,29.77,29.9,29.68,29.85,29.6,29.8,29.76,29.9,29.74,29.88,29.72,29.87
201206,29.82,29.92,29.8,29.94,29.75,29.91,29.7,29.89,29.8,29.94,29.78,29.92,29.77,29.92
201207,29.93,30.03,29.91,30.04,29.86,30.02,29.81,30,29.9,30.04,29.89,30.03,29.88,30.03
201208,29.88,29.98,29.86,29.99,29.82,29.99,29.78,29.97,29.85,29.99,29.85,29.99,29.84,29.99
201209,29.24,29.34,29.23,29.36,29.19,29.35,29.15,29.34,29.22,29.36,29.22,29.36,29.21,29.36
201210,29.16,29.26,29.14,29.27,29.11,29.26,29.08,29.26,29.14,29.27,29.13,29.27,29.12,29.27
201211,29,29.1,28.98,29.12,28.95,29.1,28.91,29.09,28.98,29.12,28.98,29.11,28.97,29.11
201212,28.98,29.08,28.97,29.1,28.94,29.09,28.9,29.08,28.96,29.1,28.96,29.1,28.95,29.09
201301,29.48,29.58,29.46,29.6,29.44,29.59,29.4,29.59,29.46,29.6,29.45,29.59,29.44,29.59
201302,29.61,29.71,29.59,29.72,29.56,29.71,29.54,29.7,29.59,29.72,29.58,29.72,29.57,29.72
201303,29.77,29.87,29.75,29.88,29.69,29.86,29.65,29.83,29.74,29.88,29.72,29.88,29.7,29.87
201304,29.48,29.58,29.46,29.59,29.4,29.56,29.36,29.54,29.45,29.59,29.43,29.58,29.42,29.57
201305,29.87,29.97,29.85,29.98,29.8,29.96,29.76,29.94,29.84,29.98,29.83,29.98,29.81,29.97
201306,29.93,30.03,29.91,30.05,29.86,30.02,29.81,29.99,29.91,30.04,29.89,30.04,29.88,30.03
201307,29.92,30.02,29.91,30.02,29.85,29.99,29.8,29.96,29.9,30.02,29.88,30.01,29.86,30
201308,29.87,29.97,29.86,29.98,29.8,29.94,29.77,29.93,29.85,29.97,29.83,29.97,29.81,29.96
201309,29.52,29.62,29.51,29.62,29.44,29.59,29.41,29.58,29.49,29.62,29.48,29.61,29.46,29.6
201310,29.34,29.44,29.33,29.45,29.25,29.39,29.21,29.38,29.32,29.44,29.29,29.42,29.26,29.41
201311,29.54,29.64,29.52,29.64,29.39,29.55,29.35,29.51,29.49,29.62,29.45,29.59,29.42,29.57
201312,29.72,29.82,29.71,29.82,29.6,29.75,29.55,29.72,29.69,29.81,29.66,29.8,29.63,29.77
201401,30.24,30.34,30.22,30.34,30.09,30.24,30.03,30.2,30.2,30.32,30.16,30.29,30.12,30.27
201402,30.25,30.35,30.24,30.35,30.1,30.25,30.04,30.2,30.22,30.34,30.18,30.31,30.14,30.28
201403,30.42,30.52,30.4,30.52,30.28,30.43,30.23,30.39,30.38,30.51,30.35,30.48,30.32,30.46
201404,30.13,30.23,30.12,30.23,30.01,30.15,29.95,30.11,30.1,30.22,30.07,30.2,30.04,30.18
201405,29.94,30.04,29.93,30.04,29.84,29.99,29.8,29.96,29.92,30.04,29.89,30.02,29.87,30.01
201406,29.81,29.91,29.81,29.92,29.74,29.88,29.7,29.85,29.8,29.92,29.78,29.91,29.76,29.9
201407,29.93,30.03,29.92,30.04,29.86,30.01,29.82,29.99,29.92,30.04,29.9,30.03,29.89,30.03
201408,29.85,29.95,29.84,29.96,29.77,29.91,29.72,29.87,29.83,29.96,29.82,29.95,29.79,29.94
201409,30.37,30.47,30.37,30.48,30.29,30.44,30.24,30.4,30.36,30.48,30.35,30.48,30.32,30.46
201410,30.38,30.48,30.38,30.49,30.29,30.44,30.24,30.4,30.37,30.49,30.35,30.48,30.32,30.47
201411,30.89,30.99,30.88,31,30.8,30.95,30.77,30.92,30.87,31,30.86,30.99,30.83,30.98
201412,31.58,31.68,31.58,31.69,31.53,31.67,31.49,31.65,31.57,31.7,31.56,31.69,31.55,31.69
201501,31.45,31.55,31.45,31.56,31.41,31.55,31.38,31.53,31.44,31.57,31.44,31.57,31.42,31.56
201502,31.35,31.45,31.35,31.46,31.31,31.46,31.28,31.44,31.34,31.46,31.33,31.47,31.32,31.46
201503,31.24,31.34,31.24,31.35,31.21,31.35,31.19,31.34,31.23,31.35,31.23,31.35,31.23,31.35
201504,30.55,30.65,30.55,30.66,30.53,30.66,30.51,30.66,30.54,30.66,30.54,30.66,30.54,30.66
201505,30.64,30.74,30.63,30.75,30.6,30.73,30.58,30.72,30.63,30.75,30.62,30.74,30.61,30.74
201506,30.8,30.9,30.8,30.91,30.76,30.89,30.74,30.88,30.79,30.91,30.78,30.91,30.78,30.9
201507,31.52,31.62,31.53,31.65,31.47,31.6,31.4,31.55,31.52,31.65,31.51,31.64,31.49,31.62
201508,32.45,32.55,32.45,32.55,32.38,32.5,32.32,32.46,32.44,32.55,32.43,32.54,32.41,32.52
201509,32.81,32.91,32.81,32.92,32.76,32.88,32.7,32.84,32.81,32.92,32.8,32.92,32.79,32.9
201510,32.4,32.5,32.4,32.51,32.37,32.48,32.31,32.45,32.4,32.51,32.4,32.51,32.39,32.5
201511,32.55,32.65,32.55,32.66,32.5,32.61,32.45,32.58,32.55,32.66,32.53,32.65,32.52,32.63
201512,32.78,32.88,32.78,32.89,32.71,32.83,32.67,32.81,32.77,32.89,32.76,32.87,32.74,32.85
201601,33.37,33.47,33.37,33.48,33.32,33.44,33.26,33.4,33.37,33.48,33.35,33.47,33.34,33.45
201602,33.19,33.29,33.19,33.3,33.14,33.26,33.09,33.23,33.18,33.3,33.18,33.29,33.16,33.27
201603,32.13,32.23,32.13,32.23,32.08,32.2,32.04,32.18,32.12,32.23,32.11,32.22,32.1,32.21
201604,32.2,32.3,32.2,32.3,32.15,32.27,32.11,32.24,32.19,32.3,32.18,32.29,32.17,32.28
201605,32.57,32.67,32.56,32.67,32.48,32.6,32.43,32.57,32.54,32.65,32.52,32.64,32.5,32.62
201606,NA,NA,NA,NA,NA,NA,NA,NA,NA,NA,NA,NA,NA,NA
201607,NA,NA,NA,NA,NA,NA,NA,NA,NA,NA,NA,NA,NA,NA
201608,NA,NA,NA,NA,NA,NA,NA,NA,NA,NA,NA,NA,NA,NA
201609,NA,NA,NA,NA,NA,NA,NA,NA,NA,NA,NA,NA,NA,NA
201610,NA,NA,NA,NA,NA,NA,NA,NA,NA,NA,NA,NA,NA,NA
201611,NA,NA,NA,NA,NA,NA,NA,NA,NA,NA,NA,NA,NA,NA
201612,NA,NA,NA,NA,NA,NA,NA,NA,NA,NA,NA,NA,NA,NA
